FirstName,LastName,Nickname,Street1,Street2,City,State,Postal,Country,CreateDate,LastModifyDate
Maritza,Roth,Tessa,25351 State Spur 215,Suite 47,Harper,WI,74277,98302,10/1/2012,11/2/2012
Sandy,Rivera,Loyd,55 W Hwy 97,Suite 1792,Port Lavaca,DC,72257,17105,5/3/2013,12/13/2013
Mindy,Small,Damien,8172 Sycamore St,P.O. Box 1852,Dumas,SC,89247,98707,1/14/2013,12/20/2012
Tamara,Davies,Arline,6564 Val Verde Ave,Apt 5798,Walnut Springs,MO,10918,18877,7/18/2012,2/26/2013
Kenneth,Stone,Ollie,22763 State Loop 573,Apt No. 89,Knippa,MA,51688,38419,9/8/2013,2/23/2013
Ted,Hicks,Lindsey,6175 Flat Rock Rd,Suite 741,Dalhart,AZ,40418,24250,10/9/2013,8/10/2012
Ian,Tate,Jamie,69654 Victory Dr,Apt No. 43,Freeport,MT,42799,85739,6/23/2013,9/16/2012
Wilbert,Farmer,Jay,83 S Cage Blvd,Suite 206,Canyon Lake,IL,15614,32923,11/14/2013,9/21/2013
Lela,Miranda,Angeline,11 State Hwy 80,Suite 767,Cool,RI,44966,57566,11/4/2012,8/21/2012
Morton,Frederick,Walton,68 Halsell Ave,Apt 630,Roby,KY,18577,69626,12/14/2012,7/21/2013
Blair,Woods,Ramiro,7923 Hwy 1810,P.O. Box 94,Josephine,DE,83033,80642,8/13/2013,5/9/2014
Andrea,Raymond,Hollis,39 N Dickinson Dr,P.O. Box 7554,Sinton,IL,41136,84071,7/13/2013,9/15/2013
Caleb,White,Antony,1474 E Dallas Ave,Suite 437,Matador,GA,65095,56380,2/18/2014,6/1/2013
Octavio,Sykes,Ivette,8566 State Spur 297,P.O. Box 706,Cinco Ranch,UT,71905,75725,2/27/2013,8/2/2013
Lou,Dyer,Lorraine,51 FM 3402,Suite 209,Bee Cave,WA,36478,81148,3/10/2013,6/1/2014
Rene,Buchanan,Lesley,32 Pipkin St,Apt 528,Jersey Village,MA,98580,61124,3/20/2013,2/28/2013
Natalia,Osborn,Julian,52125 E Santa Rosa Ave,Apt 911,New Deal,TN,16246,50602,10/16/2013,12/6/2013
Cathy,Berger,Nancy,8192 Robin Ranch Rd,Apt 285,Hitchcock,UT,70411,27072,10/7/2013,5/1/2014
Hope,Faulkner,Jeanne,43 State Hwy 138,Suite 56,Bulverde,MI,43605,21311,7/23/2013,10/1/2013
Fred,Grady,Jerald,330 State Hwy 289 Bus,Suite 9833,Garceno,IA,77055,27061,4/12/2014,11/11/2012
Wiley,Peterson,Normand,15 W Oklahoma Ave,P.O. Box 40,New Deal,IL,71132,91232,5/30/2014,6/8/2014
Delmer,Shaw,Bernadette,5114 W Saunders St,Apt No. 4193,Oyster Creek,ID,24178,82845,12/26/2013,11/2/2012
Josefa,Daugherty,Harriet,60055 S Hw 281,Apt No. 289,Kosse,MD,65416,27897,1/4/2014,2/27/2014
Viola,Buck,Reyes,1671 N Panam Expy,P.O. Box 7130,Lockhart,AL,72611,15749,2/25/2014,7/24/2012
Sheldon,Howell,Merry,5027 N Mo Pac Expy,Apt 697,Naples,WY,15743,94887,8/14/2012,11/18/2013
Troy,Noble,Karyn,4657 I- 45 N,Apt No. 29,Darrouzett,NY,38676,69112,8/5/2012,4/21/2014
Gilbert,Merrill,Dora,1891 N Medford Dr,Apt No. 587,Alba,CT,60966,69237,5/25/2013,11/4/2013
Ezequiel,Wong,Roderick,95 FM 417,Suite 9203,Marfa,AK,30624,78328,1/11/2014,7/17/2012
Penelope,Hunt,Lily,745 State Hwy 21 W,Apt No. 111,Domino,MO,40883,83436,5/19/2013,5/11/2014
Tamra,Childress,Elmer,910 W Hurst Blvd,Suite 572,Milford,ND,71361,18904,11/6/2012,4/13/2014
Miranda,Jacobson,Rowena,54133 SE 24th Ave,P.O. Box 2299,Alton North,KY,24458,56511,1/10/2013,2/7/2014
Nona,Logan,Irene,6967 N Hwy 69,P.O. Box 7107,Sabinal,WA,45996,97098,12/12/2013,8/6/2012
Jill,Graves,Stephan,46 7th St NW,P.O. Box 910,Wild Peach Village,MO,28440,13979,2/20/2014,11/7/2013
Fred,Werner,Kathryn,41804 Ss 406 N,Suite 70,Clarksville City,VT,29358,17488,10/20/2013,6/1/2014
Alecia,Archer,Samatha,39322 N Goliad St,P.O. Box 4488,Briar,VT,25614,98284,7/22/2013,6/20/2014
Nanette,Schmidt,Aida,66201 State Loop 449,P.O. Box 4401,Rocksprings,MT,86472,48390,8/16/2013,2/9/2014
Maureen,Cortez,Shannon,74 Beltway 8 E N,Apt No. 591,Gruver,MA,59069,37270,4/22/2013,12/28/2012
Audrey,Stevens,Cherry,93 E Kennedale Pkwy,P.O. Box 343,Laughlin AFB,CA,15605,68969,11/28/2013,11/29/2012
Opal,Palmer,Yolanda,421 Mill Creek Park Rd,Apt 948,Blue Mound,LA,22630,97528,12/28/2013,6/14/2013
Randall,Carson,Christoper,43223 N Dill St,Apt 672,Silverton,MD,37813,17353,11/12/2013,9/6/2013
Leonel,Hilton,Jewell,23997 Halsell Ave,Apt 903,Moody,WY,94112,10038,11/23/2012,3/19/2014
Kerry,Vasquez,Teddy,6206 W Fairwinds St,Apt No. 3230,Van Alstyne,KS,95612,56894,6/18/2014,11/28/2013
Dario,Lockhart,Freddy,902 Bus 82,Suite 45,Midway,ID,47699,41840,9/16/2012,5/16/2014
Jorge,Lake,Jessie,90341 US Hwy 90 E,Apt 6159,Goliad,AK,44556,62699,12/18/2013,12/22/2013
Bridget,Valenzuela,Shauna,544 Carlos G Parker Blvd,P.O. Box 7676,Buchanan Dam,WY,85450,67638,11/26/2013,2/18/2013
Dudley,Guerrero,Cliff,3167 R L Thornton Fwy,Apt No. 135,Rockdale,NV,17292,51239,7/10/2013,3/22/2014
Lydia,Phelps,Viola,11789 E Nasa Road 1,Apt 69,Dilley,DC,10395,34334,7/31/2013,5/22/2013
Jay,Pitts,Cedric,58443 N 11th St,Apt 4581,Keller,MS,85558,92904,4/11/2014,11/13/2012
Lou,Combs,Cory,89124 Dundee Ave,P.O. Box 9574,Carmine,MN,82352,16080,3/18/2014,2/2/2014
Amparo,Kramer,Paula,638 McKinley St,Suite 1579,Fort Bliss,UT,89577,31576,5/19/2014,4/2/2013
Carolyn,Arnold,Riley,993 W Milam St,Apt 19,Alba,KY,88682,50094,3/28/2013,4/9/2013
Bridgett,Pratt,Leonel,72880 Conter St,P.O. Box 4267,Sour Lake,KS,77536,65939,3/31/2013,6/13/2014
Johnny,Mcginnis,Frankie,56 W Trans Mountain Rd,Apt No. 6002,White Settlement,MT,74713,33410,12/6/2012,8/1/2012
Bill,Camacho,Beryl,60 Washington Ave,Apt No. 4853,Blum,KS,30105,19624,7/18/2012,7/11/2013
Michell,Cohen,Amie,13560 E State Hwy 29,Apt 62,Port Aransas,WI,48727,55861,8/7/2013,12/15/2013
Jose,Edwards,Antonia,45 State Hwy 81 Bus,Apt No. 4107,Villa Verde,PA,50380,92117,6/12/2013,1/10/2014
Eve,Sherman,Luis,5224 Hwy 342,Suite 51,Mission,NJ,97619,46967,11/30/2012,10/21/2013
Gregory,Britton,Fran,858 I- 10,Apt No. 674,La Villa,CT,38485,66680,9/6/2012,10/2/2013
Berta,Haas,Maria,97 College Ave,Apt 488,Morgan's Point,CA,25803,73265,12/1/2013,10/25/2013
Johnnie,Cunningham,Elliott,220 Troup Hwy,Suite 270,Greatwood,TX,31710,75111,2/13/2014,11/2/2012
Terrence,Ramsey,Roxanne,45206 US Hwy 181 N,Apt No. 7772,Boling-Iago,OR,80331,26910,7/20/2012,1/30/2014
Brandon,Webb,Ophelia,46 Hwy 191,Suite 13,Bronte,OR,94771,18625,11/22/2013,8/27/2012
Clark,Small,Graciela,63409 Earl Rudder Fwy S,Apt 6288,Hill Country Village,TN,72965,94034,5/20/2014,8/18/2013
Robt,Cross,Norma,471 State Spur 298,P.O. Box 904,Weston,MO,53865,17925,3/30/2014,5/28/2013
Robin,Fields,Nichole,81 Marcus St,P.O. Box 875,Sanford,VA,88601,48073,3/16/2013,9/11/2012
Amber,Lancaster,Carl,8429 Irving Blvd,Suite 880,Nazareth,NE,63926,83068,4/13/2013,3/1/2013
Emil,Meeks,Sierra,73935 US Hwy 90U Bus,Apt 505,Brenham,AL,78171,98566,8/31/2013,2/14/2013
Belle,Rutledge,Holly,482 N State Hwy 16,Apt No. 65,Splendora,IN,37957,74246,8/30/2013,6/1/2014
Billie,Bright,Tricia,89 E Hall St,Apt 990,Highland Haven,ME,87887,65393,7/19/2012,11/28/2012
Terrence,Hopkins,Eddie,833 N Hwy 287 Bus,P.O. Box 5033,Corrigan,NE,45780,14340,11/25/2013,12/1/2013
Dan,Blanton,Gussie,55279 US Hwy 181,Apt 3951,Hebron,AL,81819,79476,5/14/2014,1/23/2013
Susanna,Herrera,Earl,227 N Hwy 283,Apt No. 3430,Fair Oaks Ranch,NV,44925,28070,4/21/2014,11/21/2012
Esther,Richmond,Mitchell,43 W Mount Houston Rd,Apt No. 438,Las Lomitas,WI,62074,50369,3/17/2013,12/31/2013
Curt,Gibbons,Conrad,9592 Hwy 97 W,Suite 2762,Muleshoe,FL,78868,31051,3/25/2014,1/25/2013
Wilmer,Ponce,Adrian,32 N State Hwy 289 Bus,Suite 8654,Lake Bridgeport,ME,25685,91920,8/31/2013,9/16/2013
Anibal,Pike,Hiram,57 Donigan Rd,Apt 12,Alvarado,VT,66558,43588,12/21/2012,12/11/2013
Michelle,Boucher,Jarvis,5403 State Loop 322,Apt 627,Fredericksburg,IA,10598,29174,4/13/2014,8/2/2012
Greta,Dawson,Maureen,1875 Lamar St,P.O. Box 845,San Ignacio,AL,95131,89118,4/25/2014,12/19/2012
Raul,Flores,Waldo,16 Wesley St,P.O. Box 3127,Manvel,MO,88833,59395,7/24/2013,6/10/2013
Deshawn,Phelps,Cheryl,951 Hwy 11,Apt No. 323,Poth,NM,97525,98596,12/27/2012,1/7/2014
Angelica,Ortega,Owen,92 N Broadway,P.O. Box 825,Emory,ID,99137,33158,1/13/2013,10/30/2012
Amalia,Alvarado,Clair,80 N Ave E,P.O. Box 81,Medina,DC,41883,35254,2/24/2014,6/21/2013
Ava,Tracy,Raphael,89946 Pyote St,Apt No. 43,Commerce,MT,79541,56444,4/13/2013,8/28/2013
Roderick,Greene,Bo,633 State Hwy 6n,Apt 160,San Benito,DE,91718,27030,3/8/2013,9/3/2012
Lawerence,Summers,Ronald,41 FM 578,Apt 3582,Olivarez,NM,20261,52901,8/2/2013,5/28/2013
Katherine,Aguirre,Kris,62 Hwy 36,Suite 135,Laredo,TN,12425,18512,6/1/2013,1/23/2014
Aurelia,Cabrera,Heriberto,36 Bus 6 S,Suite 89,Bailey,MN,51535,89963,10/15/2012,11/14/2013
Tracey,Werner,Katy,81722 FM 61,Apt 60,Fifth Street,OK,82892,38610,12/25/2013,3/18/2014
Dorthy,Joyner,Sung,1308 State Spur 73,P.O. Box 748,Quemado,NH,60817,45609,10/1/2012,7/14/2012
Lidia,Dickerson,Malcolm,26602 State Hwy 98,Apt No. 5889,Windom,AZ,51792,83092,9/1/2012,5/4/2014
Monique,George,Rita,394 State Line Ave,P.O. Box 89,Brazoria,NV,37022,89658,6/2/2014,8/9/2012
Ivette,Santiago,Justina,1729 State Hwy 57,Suite 7099,Valentine,NC,30251,20221,6/14/2014,12/9/2013
Angie,England,Ina,9946 Hwy 1765,Apt 167,Mission,CT,68244,89120,2/3/2013,8/9/2012
Noel,Dean,Ellsworth,584 E North St,P.O. Box 6723,Morning Glory,IL,73733,44369,6/15/2013,10/14/2012
Liza,Guerra,Lavern,54 FM 219,Suite 1345,Weslaco,NV,19986,49314,7/20/2013,2/8/2013
Lilia,Neely,Osvaldo,59878 Parkway Dr,P.O. Box 5266,Moulton,NE,73569,93345,2/25/2014,4/19/2014
Freddy,Mcclain,Truman,216 E Milam St,Apt 7506,Woodloch,MS,21692,38486,8/15/2013,1/15/2014
Marcy,Randolph,Woodrow,86 N I-35,Apt No. 381,Medina,NM,26500,63773,9/20/2013,9/16/2012
Laurel,Santana,Bryce,7397 Magnolia Blvd,Apt 9660,Sabinal,OK,22835,75446,12/23/2013,5/19/2014
Wilfred,Parker,Claudia,3831 State Hwy 95,P.O. Box 8591,Sweeny,NY,30468,25905,7/5/2013,8/25/2013
Kristina,Burris,Eileen,536 State Loop 472,P.O. Box 7937,Richland,OR,95757,35414,7/31/2013,3/5/2014
Celina,Haas,Dorthy,59 Hemphill St,P.O. Box 3412,Cockrell Hill,LA,24931,37330,10/30/2012,7/25/2012
Adrian,Berger,Rickie,1865 Old Mill Rd,Apt 31,Rio Bravo,OH,40576,36874,2/2/2014,7/27/2013
Breanna,Griffin,John,53471 Grassmeyer St,Suite 788,Goree,AK,28735,96573,9/26/2013,7/6/2012
Glenda,Boyce,Everette,85225 State Loop 305,Apt No. 8444,Round Rock,LA,89324,38001,4/20/2013,3/25/2014
Edward,Massey,Sydney,65 US Hwy 77X Bus,P.O. Box 95,Abram-Perezville,AZ,42555,99290,8/28/2012,8/26/2013
Marlene,Parrish,Erasmo,52294 Brownsville-Port Isa,Suite 65,Farmers Branch,NY,57377,12125,4/14/2013,10/24/2012
Barbara,Cameron,Johanna,43848 S Jefferson St,Apt 230,Chandler,WA,68596,42127,7/3/2012,2/7/2014
Patricia,Stein,Matilda,436 Cbd-Fair Park Link,Suite 66,Ladonia,MI,65843,46746,7/20/2012,10/8/2012
Evangeline,Reynolds,Tyrell,3089 N Grant St,Apt No. 2511,Gainesville,VA,13877,48562,6/22/2013,11/29/2013
Bernice,Ferrell,Rena,29295 E Brown St,P.O. Box 136,Blue Mound,PA,62528,47000,9/1/2013,1/14/2014
Lisa,Le,Lashawn,92704 Spr 414,Apt No. 332,Freer,PA,98406,10037,6/11/2013,8/17/2012
Gil,Lopez,Albert,83 E US Hwy 87,Apt 122,Tomball,PA,69499,33054,6/12/2014,4/25/2013
Morgan,Hutchins,Walker,89 US Hwy 59D Bus,Apt No. 840,Hill Country Village,OK,91128,92439,7/31/2012,3/1/2014
Shawna,Perez,Paul,34168 N Front St,Suite 3889,Santa Rosa,MA,67036,44688,1/30/2014,3/14/2013
Amalia,Hogan,Helene,95992 Redwater Blvd E,Apt 645,Post Oak Bend,GA,30296,72506,1/4/2013,9/13/2012
Marjorie,Nance,Amber,7809 E Loop S Svc Rd,Apt No. 32,Wylie,IL,23144,73262,11/2/2012,1/22/2014
Marylou,Bridges,Tristan,375 N Smith St,Apt 8703,Browndell,RI,49906,67290,2/28/2014,2/15/2013
Cordell,Mccormick,Antwan,757 W Chambers St,Apt No. 9192,Garceno,NY,18006,55774,8/13/2013,6/11/2014
Lauri,Belcher,Rachel,35 Ss 579 E,Suite 122,Val Verde Park,RI,96731,98945,8/17/2013,3/4/2013
Henry,Molina,Wesley,63714 FM 899,Apt No. 3257,Point Comfort,NC,12714,13936,3/3/2013,7/17/2012
Lenard,Ramsey,Jame,7286 S Texana St,P.O. Box 38,Borger,SC,56545,53085,8/5/2013,9/1/2013
Betty,Hayes,Elia,3645 I- 20,Apt 97,Markham,WV,52292,26183,7/15/2012,3/9/2013
Deon,Ryan,Katie,1674 N US Hwy 83,P.O. Box 8490,San Angelo,KY,65158,77347,12/14/2013,2/6/2014
Rita,Manning,Danial,7516 Buchanan Dr,P.O. Box 55,Rusk,SC,55581,34508,3/17/2013,6/16/2013
Darron,Caldwell,Louie,1236 Reville St,Apt No. 4529,Texline,OK,56916,34705,5/26/2013,2/7/2013
Felix,Mackey,Kareem,41 W Lancaster Ave,Apt 4327,Roman Forest,MI,35185,72383,2/7/2013,12/24/2013
June,Rich,Vivian,8970 S Barry St,Apt No. 4939,Uncertain,KY,14959,29327,7/26/2012,3/30/2013
Bruce,Warner,Angelina,44652 Montana Ave,Apt No. 8239,Santa Rosa,KS,70858,70747,5/9/2013,12/4/2013
Dominique,Villa,Clair,563 State Loop 444,Apt 10,Cuney,NM,89712,19911,12/6/2013,5/19/2014
Katheryn,Dotson,Gabrielle,53 FM 56,Suite 50,Fate,KS,35608,80904,3/13/2013,12/14/2012
Elmer,Jenkins,Dong,524 Cedar Springs Rd,Apt No. 372,Grape Creek,NY,81893,17273,9/29/2012,2/1/2013
Chong,Cotton,Justine,22358 Prairie Vw Byp,Apt 153,Pecan Acres,IL,31059,54734,7/23/2012,6/12/2014
Mellisa,Benton,Gussie,783 S Divide,Suite 74,West Columbia,KY,60381,58692,6/22/2012,6/2/2013
Leanna,Foley,Eugenio,1696 I- 20 Bus,P.O. Box 52,Crockett,UT,37837,88429,5/23/2014,12/19/2013
Jack,Gould,Shannon,409 Railroad St,Suite 44,Thorndale,WV,68377,99289,6/21/2014,12/5/2013
Faith,Morris,Micheal,60 E Mulberry St,Apt 947,West University Place,FL,77719,26441,7/31/2012,8/26/2013
Shanda,Alvarez,Samual,67 Church St,P.O. Box 214,Marshall Creek,NM,27380,50598,5/21/2014,7/6/2012
Ann,Dorsey,Jody,10081 S Ellis St,Suite 7208,Somerville,MD,27937,74899,8/28/2012,3/26/2013
Faustino,Bullock,Zelda,77373 State Hwy 146 Alt,Apt 538,Windemere,MN,92895,89405,3/1/2013,7/2/2013
Carmella,Parks,Vicente,62428 N Louisiana Dr,Suite 466,Jayton,WA,20172,23148,7/28/2012,3/12/2014
Essie,Goff,Samuel,1573 Trinity Ave,Apt No. 52,Chula Vista-River Spur,AL,19915,72243,3/25/2014,2/16/2014
Eugenia,Gould,Gale,97 Northwest Pkwy,Suite 799,Milam,NY,54537,49119,1/7/2013,12/14/2013
Freeman,Lake,Kristie,75778 25th St,Apt 724,Angus,UT,25153,68499,12/30/2012,9/23/2013
Eunice,Crowley,Adriana,4022 Hurst St,P.O. Box 859,Taylor Lake Village,VT,60256,27203,10/26/2012,5/5/2013
Valentin,Mccullough,Jesse,5503 Ash St,P.O. Box 532,Bishop,RI,42013,80388,12/21/2013,7/26/2012
Leonel,Kirkland,Lois,37074 S John Redditt Dr,Apt 297,Woodson,KY,58271,80066,9/29/2012,1/5/2013
Danial,Nguyen,Alex,257 St Marys St,Suite 44,Henrietta,ND,81830,56498,1/8/2013,12/28/2012
Eddy,Navarro,Destiny,58055 SE 2nd St,Suite 20,Roaring Springs,IL,50898,70262,4/25/2013,1/8/2014
Aldo,Levine,Selina,44030 FM 440,Apt 86,Sanger,CO,12356,94892,8/15/2012,12/21/2012
Royal,Calhoun,Sheree,6804 Loop 432,Apt 9655,Pearland,SC,68694,78818,8/26/2012,5/29/2013
Pilar,Castaneda,Ellsworth,19442 San Augustine St,Suite 886,Paducah,WV,31750,32670,6/21/2014,6/5/2014
Marcia,Lyon,Marshall,67788 San Pedro Ave,Apt 206,Lumberton,VT,81805,73083,1/6/2014,5/24/2014
Celestine,Leblanc,Lesa,18 FM 149,P.O. Box 984,Dayton Lakes,WI,70082,15853,5/30/2014,7/22/2013
Palmer,Snow,Kristine,48729 E San Antonio St,Apt No. 3930,Paris,MA,65103,51014,8/12/2012,5/14/2013
Gustavo,Carson,Al,71 E Saunders St,P.O. Box 384,Argyle,ID,70806,52596,8/22/2013,10/23/2012
Lucinda,Ramirez,Michelle,2637 State Spur 65,P.O. Box 6192,Zavalla,MS,78409,74582,8/22/2012,1/24/2014
Brenda,Conway,Edgardo,1953 E Queen Isabella Blv,P.O. Box 70,Huntington,TX,75735,47953,8/14/2012,7/16/2013
Hilton,Ortiz,Lona,98524 State Hwy 55,Apt 70,Mila Doce,UT,58336,12480,1/13/2013,12/24/2012
Greta,Dale,Dominique,99 State Loop 163,Apt 404,Trinidad,VA,85182,63536,12/16/2013,7/24/2013
Millicent,Parker,Elsie,2760 State Loop 570,Apt 6513,Leona,RI,61621,50550,6/10/2013,7/9/2012
Minh,Barr,Madeleine,4512 S May St,Suite 794,Burton,ND,62639,40921,10/22/2013,12/15/2013
Jasmin,Powell,Jannie,70591 E Wallace St,Apt No. 778,Frost,NM,98962,66650,5/2/2013,12/7/2013
Clair,Braun,Nanette,13 N Brazosport Blvd,Apt 7955,Dorchester,CA,91088,75434,7/16/2012,3/24/2014
Katelyn,Buckley,Marcus,39161 State Hwy 156,P.O. Box 98,Glen Rose,IA,50904,64631,9/1/2013,1/25/2014
Maynard,Salas,Bertha,302 NE Front St,Apt No. 50,Bear Creek,SC,67082,36283,5/16/2014,2/19/2014
Brock,Vazquez,Ricardo,97764 Ranch Rd 48,Apt 3976,Jersey Village,NY,97435,32897,4/14/2014,1/17/2013
Justina,Benton,Devin,8237 Lantana Trl,Suite 2112,Raymondville,NH,29690,83391,10/6/2012,3/30/2013
Lara,Walton,Gil,5891 Matin Luther King Jr,P.O. Box 6774,San Leon,LA,29837,10037,12/27/2012,2/18/2014
Johnny,Holt,Ruby,74725 N Bowers Dr,Suite 10,Sansom Park,SC,82139,87154,9/21/2013,6/24/2012
Tanya,Shelton,Kathryn,64 US Hwy Hwy287,P.O. Box 84,Gordon,RI,36333,26103,8/10/2013,8/13/2012
Clair,Patel,Nadine,254 W US Hwy 90,Apt No. 6939,Liberty,CO,38559,32313,7/14/2013,9/12/2012
Jerald,Mcgowan,Jerry,45 N May St,Suite 49,Asherton,ND,20783,56637,5/17/2013,12/7/2013
Eleanore,Decker,Paul,65 E Harrison Rd,Suite 30,Alvarado,FL,51916,14239,10/21/2012,2/22/2014
Janis,Head,Brenda,9085 E Hwy 199,P.O. Box 15,Cross Mountain,NY,74477,89903,11/19/2012,6/11/2013
Lyman,Sloan,Eli,1079 Crabb River Rd,Suite 45,Kosse,NY,74385,23906,8/25/2013,2/11/2013
Deshawn,Graham,Ezekiel,9543 288,Apt No. 250,Poth,NM,62856,79123,7/31/2012,11/7/2012
Katrina,Rodriguez,Gil,543 S Oak Ave,Apt No. 71,Bonham,NJ,74815,83217,12/18/2013,7/18/2012
Norbert,Maloney,Bryon,7427 State Hwy 21 E,Apt 3242,Hico,ND,11389,23924,9/16/2012,3/31/2014
Glenda,Winters,Stacy,242 State Hwy 7 E,Apt No. 2048,Pasadena,SC,67548,19156,9/22/2013,2/17/2014
Madeleine,York,Derrick,14 183 S,P.O. Box 95,Stafford,NV,54416,21390,7/2/2012,1/21/2013
Guadalupe,Trujillo,Dale,1822 State Hwy 78D Bus,P.O. Box 7252,Lancaster,GA,71186,63789,7/16/2013,3/1/2014
Chang,Oconnell,Kelvin,83 State Spur 314,P.O. Box 77,Granbury,ID,79580,50065,2/28/2013,12/16/2013
Beau,Lucero,Robby,729 E California Ave,Suite 78,Cesar Chavez,UT,76810,76550,3/14/2014,7/27/2013
Aldo,Forbes,Phillip,1262 J M Lindsay Blvd,Suite 502,Waskom,GA,70166,23726,10/2/2013,12/21/2012
Hugh,Zamora,Tyree,63 US Hwy 277A Bus,Suite 271,San Diego,MO,54533,96269,5/24/2014,2/26/2014
Patti,Graham,Latoya,14491 W South St,Apt No. 721,Byers,GA,55586,17463,8/7/2013,7/5/2013
Lakisha,Rasmussen,Erica,1671 State Loop 403,Suite 83,Saginaw,WV,59738,19913,6/30/2013,7/16/2012
Tyrell,Ortiz,Frances,57924 N Benton St,P.O. Box 68,Palmer,ID,17581,96737,12/21/2013,3/8/2014
Steve,Boyer,Maura,88491 E Holley St,Apt No. 4691,Red Oak,WI,45780,63148,1/15/2014,1/17/2014
Shari,Delgado,Patricia,8877 Commercial St,P.O. Box 947,Blanket,ID,36661,92995,7/20/2013,10/14/2012
David,Woodard,Weston,885 Jim Sharp Blvd,Suite 128,Aledo,NE,36469,80008,6/25/2013,2/28/2013
Blake,Frye,Jesus,4464 FM 1764,Suite 64,Lumberton,FL,55138,35732,7/28/2012,7/2/2013
Felix,Hudson,Mari,35546 N Valley Mills Dr,Apt No. 9399,Rose City,MT,21615,45637,5/30/2013,1/12/2014
Rebecca,Stafford,Hassan,5286 Reville St,Apt No. 71,Atascocita,VT,62300,14298,8/2/2013,9/17/2012
Rosetta,Chang,Sterling,78 E Nelson St,Suite 9716,Navarro,CA,95358,98765,12/30/2013,8/28/2012
Luis,Mccray,Ramiro,32 US Hwy 181J Bus,P.O. Box 37,Bartlett,MO,16142,38963,1/21/2013,10/16/2012
Jeremiah,Fields,Scottie,4817 Clovis Rd,P.O. Box 86,Santa Cruz,UT,43835,99663,11/14/2013,5/6/2013
Bianca,Walton,Nan,48969 E Walker St,P.O. Box 6567,Allen,AK,55994,47109,7/28/2012,11/20/2012
Lynette,Walton,Jeanne,182 E Bus Loop 20,Suite 1110,Weston,AK,30829,83674,12/2/2012,8/13/2012
Russ,Valencia,Angelica,5969 Altamere Ave,Suite 4601,Rowlett,UT,19872,59196,1/15/2014,4/11/2014
Serena,Friedman,Noe,863 FM 343,Apt 85,Loraine,ID,14023,48435,7/28/2012,11/4/2012
Ethan,Nieves,Nicholas,94227 FM 971,Apt No. 5129,Blue Berry Hill,KS,36125,55770,2/16/2014,9/6/2012
Roxie,Connor,Ashleigh,513 Mansfield Rd,P.O. Box 46,Seymour,AZ,26260,46320,4/26/2014,11/8/2012
Tori,Leblanc,Bernard,63 State Loop 195,Apt 5334,Nassau Bay,NC,15759,97568,11/10/2012,6/4/2014
Linda,Nicholson,Felix,63 Powderhorn Rd,Suite 67,Tehuacana,CT,57302,11044,6/19/2013,3/2/2013
Andreas,Swanson,Elisha,61 W Olive St,Apt No. 11,Littlefield,NC,64205,10890,2/20/2013,8/29/2012
Lamont,Freeman,Verda,479 FM 1780,Apt No. 9694,Stratford,AZ,54260,73429,2/5/2014,4/25/2013
Marion,Dillon,William,591 W Rusk St,P.O. Box 7601,Bruni,DC,58803,49935,7/25/2012,10/13/2012
Connie,Dunbar,Dona,52278 Faudree Rd,Apt 609,Ovilla,AK,10748,38887,11/18/2013,2/1/2014
Enrique,Nicholson,Candy,65 W 2nd,Suite 2661,Val Verde Park,AK,99045,90226,4/13/2013,8/8/2012
Esteban,Estrada,Jason,974 N Lavaca Dr,Suite 39,Nome,NM,62355,80294,1/28/2014,2/7/2014
Cortney,Trevino,Willard,86 Presidential Corrido,Suite 76,Orange,IN,85287,71869,5/2/2014,8/1/2012
Mohammed,Blake,Nita,604 State Loop 332,Apt No. 716,Robert Lee,WY,57013,92491,10/14/2012,6/17/2014
Tiffani,Galloway,Karina,501 36th St N,P.O. Box 3218,Mont Belvieu,RI,44807,75080,2/28/2013,9/1/2013
Katelyn,Lockhart,Lana,309 Cr 105,Suite 5432,Hebbronville,ME,68851,32637,11/6/2012,9/22/2013
Vern,Goldstein,John,147 Marcus St,Apt 145,Pampa,PA,12565,85830,5/5/2014,7/1/2013
Donte,Baird,Ivette,31386 State Hwy Rd P64,Apt No. 425,Quinlan,RI,75417,21513,6/11/2013,8/9/2013
Marcelino,Mccoy,Kurtis,28 State Loop 517,Apt 10,Havana,GA,46551,83385,5/2/2014,2/27/2014
Georgette,Kemp,Christian,10 Hwy 271,Suite 944,Splendora,CA,84253,47482,2/15/2013,11/23/2013
Terra,Ferguson,Henry,56 State Hwy 56,Suite 3328,Coleman,ME,75986,82404,11/5/2012,7/19/2012
Monte,Waller,Dallas,80091 Panola St,Suite 521,Grays Prairie,TN,44236,31178,3/9/2014,8/7/2013
Harvey,Fitzgerald,Robbin,50 Ave F NE,Apt 111,Surfside Beach,IN,57119,79479,7/13/2012,8/7/2013
Pedro,May,Elijah,38208 N Bailey St,Apt No. 9861,St. Hedwig,CA,42993,18551,6/22/2012,11/7/2012
Mellissa,Weeks,Huey,170 Cardinal Ln,Apt 20,Dayton Lakes,IL,63576,30520,11/20/2012,9/13/2012
Odessa,Nash,Merle,69293 South Virginia St,P.O. Box 599,Newcastle,NY,91251,90927,11/14/2013,3/15/2014
Leila,Walton,Damon,55777 Anise,Suite 9829,Blanco,VT,84031,98870,6/18/2013,8/20/2012
Cornelia,Hickey,Valentine,48 W Houston Harte Expy,Apt 5550,Laughlin AFB,OK,10859,13322,11/10/2013,4/19/2014
Isidro,Rangel,Eusebio,263 E Live Oak,P.O. Box 9698,Nassau Bay,WA,17115,70356,4/10/2014,7/18/2012
Christen,Blevins,Lenard,77194 River Rd,P.O. Box 727,Pasadena,GA,51080,60847,2/9/2014,5/18/2014
Leola,Ross,Concepcion,458 Harris St,P.O. Box 409,El Camino Angosto,ID,74099,54785,9/12/2012,12/14/2012
Jean,Frye,Jed,7161 San Bernardo Ave,Apt 396,Midland,VT,93758,60273,6/25/2013,7/5/2012
Tabatha,Cain,Florence,19 State Hwy 114,Suite 6224,Frost,NM,46738,38728,2/9/2013,12/16/2013
Margery,Olson,Rolland,596 N I- 20,P.O. Box 64,Archer City,TX,19146,96267,10/6/2012,4/11/2014
Lila,Werner,Madeleine,448 US Hwy Hwy287,P.O. Box 517,Snook,NV,20734,12354,5/8/2013,12/2/2013
Lane,Mendez,Ward,7297 Ayers St,Apt 7907,Mobile City,MD,33258,48340,2/20/2014,11/20/2012
Earle,Jennings,Athena,2547 Gateway Blvd N,P.O. Box 22,Levelland,KS,24775,80599,4/3/2014,12/11/2012
Joy,Salazar,Lowell,9678 Peek Rd,Suite 77,New Summerfield,MI,36388,95051,1/19/2014,4/20/2013
Domenic,Bray,Pilar,89336 S State Hwy 6,Apt No. 9879,El Lago,CT,85303,50146,9/23/2012,7/15/2012
Jeannette,Herring,Wyatt,106 E I- 20 E,P.O. Box 53,Weatherford,SC,36142,55669,9/13/2013,10/25/2013
Brianna,Bates,Mayme,10553 N Neches St,Suite 6645,Plum Grove,FL,48222,47578,12/7/2012,2/25/2013
Linwood,Logan,Clark,36427 W Sam Rayburn Rd,Apt No. 5156,San Diego,NV,44534,26688,9/7/2013,1/29/2013
Coleman,Mckinney,Eliseo,96573 Bear Dr,Suite 981,Tulsita,VT,68377,61596,3/28/2013,8/26/2013
Edgar,York,Corrine,42 State Hwy 65,Apt 644,Fairfield,OR,55079,21173,1/17/2014,2/11/2014
Trey,Bates,Blake,24 FM 632,Suite 54,Winfield,OR,88314,55456,6/25/2013,6/27/2012
Shannon,Jacobs,Bridget,245 State Loop 207,Suite 6161,Louise,VA,35599,26275,3/4/2014,9/17/2012
Hilton,Bailey,Wendell,55 Hwy 90,P.O. Box 79,Hondo,WI,36497,88063,7/27/2012,9/21/2012
Wendi,Holt,Valarie,43832 Park St,Suite 267,Hungerford,NY,12599,91500,7/18/2012,10/17/2013
Graciela,Stanley,Latoya,94189 S Gregg St,Apt 8320,Willis,RI,28115,66007,1/18/2014,5/22/2014
Stanley,Mercado,Edmund,718 FM 2360,Apt 8920,Hawley,MI,31374,54989,1/28/2013,3/27/2014
Dewitt,Campos,Ora,55705 S 5th St,P.O. Box 9182,Pharr,SD,93682,61759,12/20/2012,5/3/2013
Donald,Hopper,Deanna,93 S Austin St,Suite 761,Rhome,SD,65165,39790,10/17/2012,4/26/2014
Tobias,Blake,Susana,13 Ss 406 N,Apt 15,McAllen,SC,81221,42497,5/5/2014,12/25/2012
Rose,Francis,Kasey,1269 E Renfro St,Apt No. 45,Tuleta,TX,82621,16004,8/9/2013,4/8/2013
Deann,Simms,Verda,949 W Goliad Ave,Suite 49,McKinney,TN,69785,81035,10/25/2013,5/7/2014
Maureen,Davis,Irving,18016 S US Hwy 69,Apt 2894,Val Verde Park,VA,27835,72796,11/4/2012,12/9/2013
Sheryl,Ortiz,Janice,3567 State Spur 396,P.O. Box 2098,Barton Creek,WV,75827,68597,10/28/2013,2/20/2013
Bud,Baldwin,Lee,1830 S 10th Ave,Suite 4786,Bellville,GA,69493,69981,1/4/2014,5/23/2014
Wilhelmina,Dunn,Gene,1730 FM 2481,Suite 97,Alvarado,UT,32091,75399,9/18/2013,8/24/2012
Cary,Mcfarland,Dewey,173 N Palestine St,Suite 364,Faysville,SC,98483,96549,6/22/2013,12/31/2013
Stewart,Lyon,Cindy,9706 US Hwy 377E Bus,Apt 443,Dublin,VA,26357,68725,9/22/2012,2/18/2014
Shelby,Beard,Huey,35 S Chaparral St,Suite 4943,Greenville,DE,89316,87923,8/31/2012,10/20/2013
Jody,Wade,Mohamed,596 Ranch Rd 1211,Apt No. 88,Comfort,MN,95715,32937,12/2/2013,5/17/2013
Raymundo,Blevins,Lamont,114 US Hwy 175,P.O. Box 67,Riverside,NV,94116,41536,9/11/2013,5/30/2013
Katie,Bird,Selina,9055 Rainbow Ln,P.O. Box 148,Huntington,NM,70579,53556,2/10/2013,11/2/2013
Jay,Krause,Beatriz,919 Warren Pkwy,Suite 1424,Cloverleaf,MO,39501,29671,4/21/2013,10/3/2013
Dale,Miller,Robyn,885 State Rte 322,Apt 7742,Quitman,WY,90134,64288,7/30/2012,4/22/2014
Stacey,Glass,Merlin,160 State Loop 495,Apt 69,Joshua,ND,23893,22428,12/3/2012,11/12/2012
Jacob,Morris,Bridgette,52611 FM 121,Suite 1981,Nixon,RI,63040,16130,7/6/2013,11/23/2012
Roscoe,Terrell,Berry,27862 E Hwy 85,Apt 7512,Morton,CO,22628,27800,6/14/2013,2/18/2013
Emilia,Barrett,Ora,544 S 10th Ave,Suite 924,Aspermont,NV,99771,83826,3/17/2014,6/26/2013
Alice,Day,Noel,9535 State Hwy 8,Apt 22,Tuscola,NY,28334,54476,7/17/2012,12/5/2013
Kennith,Fuller,Pearl,6385 E Milam St,Apt 9718,Dodd City,RI,39593,82768,8/17/2012,3/8/2014
Jasmine,Riggs,Anton,95 US Hwy Expressway 83,Suite 7772,Channing,NC,51694,61514,2/15/2013,8/23/2013
Dena,Guthrie,Bryan,2096 E Hwy 90,Apt 8152,Ore City,AK,82885,90665,5/3/2013,4/28/2013
Mitch,Oconnor,Martin,837 N Teel Dr,Suite 9123,Goldsmith,FL,54256,35848,10/26/2013,12/22/2012
Seth,Olsen,Lyndon,80787 Sugar Creek Blvd,Apt No. 32,Presidio,VA,35164,90247,8/18/2013,7/30/2012
Geraldine,Boucher,Ike,87202 E Brazos Ave,Suite 794,Grape Creek,MD,89397,56977,2/14/2014,6/3/2013
Norberto,John,Bridgette,267 Saratoga Blvd,Suite 346,West Lake Hills,MO,60080,67906,11/2/2012,6/17/2014
Fritz,Golden,Rory,1863 US Hwy 81 Bus,Suite 50,Shepherd,WV,23229,51859,4/3/2013,3/7/2014
Shirley,Underwood,Bradford,71034 N Cresson Hwy,P.O. Box 570,Milano,IN,35901,92201,8/16/2013,5/18/2013
Marla,Macias,Martina,6166 State Loop 207,P.O. Box 2854,Progreso Lakes,OK,71329,60171,4/17/2013,5/5/2013
India,Barnes,Maurice,727 FM 1325,Apt No. 814,Zavalla,RI,54552,40109,8/31/2013,6/10/2013
Bud,Benjamin,Letitia,786 Spr 115,Apt No. 5167,Concepcion,NC,27784,62651,2/19/2014,2/9/2013
Seymour,Murphy,Araceli,29872 FM 196,Apt No. 99,Camp Wood,OH,62949,14998,8/18/2012,6/12/2014
Devin,Hartman,Chet,2284 W Austin,Apt No. 96,Holland,NH,86691,54275,12/1/2012,4/24/2014
Bradford,Lane,Craig,53 US Hwy 285,Suite 4619,Hackberry,NC,41723,94158,8/28/2012,1/17/2014
Freddie,Vang,Stewart,79500 W Brillhart Ave,Suite 6523,Southmayd,IN,18482,64407,8/14/2013,9/25/2012
Deandre,Tran,Ezekiel,5113 Sidney Sherman Brg,Apt No. 620,Hubbard,UT,59862,36168,10/14/2012,4/28/2014
Reid,Tatum,Oma,6813 N Bus US Hwy 281,Suite 810,Leonard,SC,20825,71128,5/27/2013,6/15/2014
Calvin,Hester,Brianne,533 N Swenson St,Apt No. 6725,Burkburnett,CT,56815,54896,4/21/2014,7/31/2013
Weston,Mcmillan,Yong,367 Haiesboro,Apt No. 3957,Liberty City,KS,13663,72582,3/15/2014,10/24/2013
Curt,Mathews,Ted,21 Lamar Blvd S,Suite 603,Naples,WV,99338,74212,1/12/2014,7/23/2012
Aline,Maxwell,Marilynn,49575 W Jackson St,Apt No. 744,Jewett,MO,64087,87777,4/13/2014,11/13/2013
Felix,Cole,Summer,86 2nd St,Apt No. 696,League City,WY,27395,49983,12/9/2013,6/8/2013
Emil,Bridges,Kara,7007 New Athens Hwy,Suite 5374,Burleson,WY,66849,53376,11/27/2012,10/19/2012
Brittany,Bean,Lavonne,35618 S Bell Blvd,Apt 645,Sullivan City,DC,60111,22764,10/12/2012,11/24/2013
Martina,Leon,Elizabeth,522 State Loop 173,Apt No. 69,Groveton,OK,84916,14887,2/20/2014,10/16/2013
Marquita,Burt,Jared,85650 Harlan Ave,Apt 2714,Flatonia,GA,23663,15933,6/29/2013,1/23/2014
Jamie,Whaley,Odessa,46997 Royston St,Apt No. 75,Redwood,FL,64501,59799,7/26/2013,7/23/2012
Winona,West,Nicholas,15 S Paloma Creek Blvd,Apt 2486,Grandfalls,RI,83053,59955,9/15/2012,4/1/2013
Angeline,Lynch,Young,5637 Karnes Rd,Apt No. 18,Comanche,CO,98857,26618,3/2/2014,5/22/2014
Dayna,Cordova,Nellie,31 FM 1271,Suite 11,Garrett,LA,39125,26320,1/8/2013,7/11/2012
Bella,Sampson,Tera,98811 Hesters Crossing Rd,Apt No. 2208,Blanket,SC,94904,55128,11/1/2012,11/21/2012
Jenna,Dennis,Christian,5571 Carlos G Parker Blvd,Apt No. 418,Azle,SD,71945,45049,1/13/2013,8/5/2013
Horace,Andrade,Tara,816 Bastrop Hwy,Suite 673,Coppell,ND,96061,76818,1/26/2013,3/8/2013
Noreen,Woodard,Latanya,8917 State Hwy 150,Apt No. 28,Kerrville,KS,39766,89018,4/9/2013,9/23/2012
Malinda,Terry,Lenard,8830 Diamondback Ln,Suite 63,Santa Maria,WY,44087,32568,2/13/2014,6/12/2013
Arron,Le,Alden,1875 State Hwy 289,P.O. Box 38,Canyon Lake,MA,71116,29119,1/2/2014,1/19/2014
Belinda,Hickey,Darryl,229 E Sammy Baugh Ave,Apt No. 56,K-Bar Ranch,ND,64505,33509,9/21/2013,2/10/2014
Irving,Gay,Gilberto,439 State Hwy 107,Apt No. 70,Fairfield,ND,29240,55618,7/24/2012,11/12/2012
Isaias,Ritter,Oralia,82947 E 14th St,Apt 4038,Markham,CT,89920,84323,10/18/2013,10/16/2013
Brianna,Burks,Rhea,1540 State Loop 473,Apt 4586,Austin,IN,16724,85722,3/27/2014,6/6/2014
Amalia,Barrera,Everette,908 US Hwy 259 S,Suite 64,Clarksville City,TN,24336,26180,1/25/2013,9/8/2013
Tera,Herrera,Lakisha,9902 E Burleson St,Suite 220,Los Indios,OR,70517,96233,6/27/2012,3/19/2013
Candice,Espinoza,Josh,210 Cottage Rd,Suite 5600,Beasley,MO,81618,53479,7/14/2012,7/9/2012
Jean,Rutherford,Caroline,74244 Hwy 24,P.O. Box 593,Joaquin,DE,88311,99062,11/17/2012,8/3/2013
Zachery,Hays,Troy,7284 S Poplar St,Apt No. 9517,Onion Creek,WI,97317,50238,9/7/2013,7/18/2012
Selina,Field,Leann,4256 Cleveland-Gibbs Rd,Apt 455,San Juan,NE,20618,74537,2/4/2013,12/15/2013
Edward,Walls,Justine,40375 S 9th St,Apt No. 9281,Wharton,PA,45168,61985,2/24/2013,9/27/2012
Sonia,Foster,Andrew,83 1st St,P.O. Box 906,Toco,OH,83261,19195,1/24/2014,5/10/2014
Anibal,Donaldson,Reid,9971 W Northwest Serv N,Apt 42,Hemphill,ME,80882,48313,3/19/2014,11/26/2013
Katie,Sanders,Jarod,27 Neals Fwy,Apt No. 561,Jacksonville,NH,83187,50151,11/25/2013,10/26/2012
Darla,Connor,Carole,285 King David Dr,Suite 9047,Knollwood,WI,71879,76284,3/16/2013,3/26/2013
Alexander,Carrillo,Pat,9164 Fort Worth St,P.O. Box 782,Gallatin,UT,11315,73127,6/25/2012,10/4/2013
Dwayne,Johns,Lucien,6370 Brazosport Blvd S,P.O. Box 63,Liberty City,DE,28572,90697,8/7/2012,3/11/2014
Salvatore,Lee,Irma,238 Riley St,P.O. Box 2694,Muenster,MA,35276,72620,11/16/2012,12/11/2013
Simone,Snider,Bennie,918 State Spur 591,Suite 662,Bullard,AL,87974,53384,2/10/2013,3/18/2013
Willy,Good,Frank,54690 W Pioneer (Sh-303) P,P.O. Box 8930,Benavides,NC,97367,57756,3/30/2014,12/16/2013
Jack,Lara,Trevor,968 Hesters Crossing Rd,Suite 83,Fort Bliss,PA,93839,67629,7/31/2013,2/22/2013
Justina,Rubio,Monica,5537 Bus State Hwy 35 C,Apt 36,New Chapel Hill,NM,86626,74631,8/31/2012,11/8/2013
Chrystal,Hester,Blake,74 US Hwy 59 S,Suite 3062,Port Lavaca,KS,87197,14389,7/23/2012,6/12/2014
Andrea,Campos,Sylvester,84988 FM 2493,Suite 2757,Archer City,AL,13727,90197,2/2/2013,10/17/2013
Shanda,Mcclain,Jessie,57 Rock Creek Rd,Suite 844,La Pryor,AL,46066,69362,9/18/2013,8/4/2012
Everett,Shaffer,Augusta,15409 274,Suite 3963,Merkel,MT,87717,38166,6/27/2012,1/10/2013
Columbus,Chen,Kirsten,344 State Spur 85,Apt No. 5787,Spearman,OR,32392,78385,7/3/2013,2/24/2013
Barton,Dejesus,Brady,91177 S Coleman St,P.O. Box 58,Knippa,GA,74782,78182,10/25/2013,5/3/2013
Annmarie,Newsome,Lionel,7363 FM 784,Apt No. 540,La Homa,TX,98589,42340,1/23/2014,9/19/2013
Keenan,Fox,Deann,37927 US Hwy 377C Bus,Apt 453,Fairfield,AL,17431,52287,5/6/2014,1/25/2014
Ahmad,Alston,Theodora,2725 State Hwy 16 N,Suite 68,LaCoste,RI,93037,55784,12/17/2013,2/26/2013
Laura,Mobley,Ethan,1562 Washington St,Suite 475,Riverside,FL,61274,79094,3/28/2014,9/13/2013
Gilda,Dickson,Flora,9508 E Comal St,P.O. Box 33,Penelope,TN,75279,96870,8/16/2012,3/21/2013
Kristine,Sloan,Rachelle,18 W Hwy 290,Apt 37,Cool,OH,73928,59276,2/1/2014,4/17/2014
Randy,Chapman,Wiley,5574 S 1st St,Suite 285,Sansom Park,WI,30590,61966,3/7/2014,6/17/2013
Quintin,Jacobson,Sonia,34 State Hwy 78G Bus,Suite 434,Santa Cruz,ME,93911,87526,4/25/2014,8/9/2012
Ollie,Kirkpatrick,Nelly,89 S Brahma Blvd,Apt No. 6323,Falcon Lake Estates,HI,83620,91744,9/25/2012,4/6/2013
Clinton,Lee,Jerold,76 Meyer St,P.O. Box 1724,Sierra Blanca,OH,28262,96477,2/25/2013,4/19/2014
Karla,Gallegos,Elijah,64 S Lamar Blvd,P.O. Box 916,Orchard,NE,64278,98122,10/1/2012,8/20/2012
Grace,Crabtree,Mai,845 State Hwy 146,Suite 4384,Center,MA,45077,40569,3/13/2013,2/4/2014
Desmond,Ellison,Lloyd,62 College Pkwy,Apt No. 1938,Alamo Heights,TX,66144,20733,11/4/2012,10/10/2013
Hunter,Horn,Mai,185 Boothe Dr,Apt No. 1262,Robinson,WY,75812,79442,1/24/2013,7/28/2013
Denise,Marshall,Arron,74 274,Suite 88,McLendon-Chisholm,MI,61258,34380,10/6/2013,2/25/2014
Heidi,Morris,Marina,93 US Hwy 277 Bus,Apt 92,Floydada,WV,45811,14563,6/24/2013,5/4/2014
Jamal,Ferrell,Nan,566 S US Hwy 77,Suite 677,Kerrville,OK,57967,69491,12/23/2013,9/5/2013
Esmeralda,Galloway,Amparo,58 State Loop 239,Apt 56,Pharr,PA,65356,40477,9/22/2013,12/22/2013
Marva,Vincent,Thad,10698 E Hall St,P.O. Box 65,Ranchos Penitas West,WY,20289,71473,12/8/2012,4/27/2013
Nita,Mcneil,Wallace,6589 Main Plz,Apt No. 47,Driscoll,OH,63453,47524,12/24/2013,9/23/2012
Rosemarie,Raymond,Carlos,882 Lake Worth Blvd,Suite 189,Winters,ME,53438,34926,4/17/2013,8/27/2013
Mohammad,Cook,Elijah,93205 W Houston St,Apt 85,New Fairview,SC,29598,84143,9/9/2012,4/2/2014
Herbert,Alford,Queen,8045 S Garland Ave,Apt 90,Kemah,DE,19143,43066,10/17/2012,6/8/2013
Tana,Womack,Nilda,69421 E I- 20 E,P.O. Box 4928,Lockhart,SD,61514,24393,9/17/2013,6/16/2014
Enoch,Cain,Byron,78864 Lomita Blvd,P.O. Box 2323,Petronila,WY,76111,36658,8/12/2012,9/8/2013
Carrol,Guerra,Lindsey,4764 FM 852,P.O. Box 797,Redwood,SD,23683,40806,2/9/2014,8/29/2012
Elena,Fritz,Arden,104 67 Hwy,Suite 676,Los Fresnos,CT,64239,27624,10/3/2012,12/1/2013
Lidia,Sutton,Carolyn,17626 Gilmer Rd,Apt No. 5330,Mission Bend,AL,24572,66985,7/19/2013,10/16/2012
Neil,Griffin,Tia,32755 E Jackson St,P.O. Box 9553,Lakeway,ME,47985,41811,10/18/2013,11/13/2012
Melissa,Reed,Avery,7726 E Olive St,Suite 8334,Callisburg,ID,56755,35653,8/10/2013,11/28/2013
Aldo,Blue,Ione,44666 Hillcrest Dr S,Apt No. 201,Nevada,OK,16651,41331,11/26/2012,4/29/2013
Madeline,Tyson,Anne,82169 N Hwy 67,Apt No. 94,Hurst,OR,55978,20100,3/15/2014,2/25/2013
Edwina,Collier,Nelda,77 State Hwy 173,Suite 8351,Highland Haven,MS,38227,87385,2/10/2013,2/4/2013
Johnny,Hatcher,Norris,15284 Eastex Fwy,Apt 555,Orange,WA,41589,94200,3/1/2013,1/14/2013
Bret,Bowen,Nell,72 FM 982,Suite 210,Mineral Wells,MN,14902,26105,2/28/2013,1/11/2013
Faith,Ortiz,Lelia,9345 Lockburgs Dr,Apt No. 1592,Rosebud,AZ,39191,94197,8/29/2012,12/6/2012
Lavonne,Mccormick,Clayton,59117 State Hwy 171E Bus,Apt 868,La Ward,NC,40707,95489,9/4/2013,7/30/2013
Libby,Hoover,Nina,132 J F Kennedy Cswy,Suite 56,Benavides,WV,92920,35886,10/20/2013,5/2/2014
Lawrence,Alexander,Jana,12 E Hurst Blvd,Apt No. 28,Penitas,DC,91164,56271,12/26/2012,9/28/2013
Madonna,Yates,Helga,40924 Hwy 59 Loop N,Apt 6069,Channing,WY,93450,77014,1/12/2014,4/20/2013
Adele,Simmons,Horace,7229 N Texas Ave,Apt 82,Idalou,WV,50674,64207,10/23/2012,7/1/2012
Joann,Odom,Doretha,1018 W Fannin St,Apt 11,Tulsita,VA,52698,46372,1/29/2014,6/19/2013
Terri,Ashley,Alfred,7367 Union Ave,P.O. Box 834,Arlington,TN,54781,92658,12/31/2013,7/23/2013
Augustus,Gibbs,Herminia,70 State Hwy 77,Suite 100,Hudson Oaks,IN,52430,51474,12/15/2013,11/19/2012
Zelda,Palmer,Millard,43720 Benbrook Hwy,Apt No. 9045,Niederwald,ND,56063,71988,11/7/2013,2/23/2014
Elias,Hewitt,Newton,58 Winters Fwy,Apt No. 5802,Faysville,IL,14421,80979,12/6/2012,10/9/2013
Preston,Lozano,Alyssa,3584 Harper St,P.O. Box 776,Frankston,GA,73959,41757,7/22/2013,2/1/2014
Molly,Walls,Anne,6648 FM 2318,Apt No. 78,Hawk Cove,OK,74119,29616,3/22/2014,10/27/2012
Marcella,Brock,Deandre,4432 N 4th St,P.O. Box 7511,Shepherd,UT,87728,67730,12/15/2012,1/11/2013
Crystal,Dickson,Myra,375 Harris St,Apt 70,Rio Hondo,WV,67892,66385,8/1/2012,12/30/2012
Valentin,Rosario,Stacy,61771 SW Loop 338 Opas Nav,Suite 4432,North Cleveland,CA,50480,31709,10/9/2013,11/14/2012
Brenton,Kirby,Jeffry,6453 W Depot St,P.O. Box 4423,Bellville,IA,82300,90419,4/28/2013,9/28/2013
Theron,Melton,Haywood,601 State Hwy 322,Suite 81,Converse,SC,75477,44129,6/28/2012,5/12/2014
Stefanie,Allison,Dessie,8101 State Hwy 172,Suite 324,Brownfield,IA,24334,30057,9/8/2013,12/29/2012
Theodora,Mclean,Corinne,8549 W I- 20,Apt No. 8559,Splendora,PA,41364,43784,3/12/2014,1/15/2013
Evangeline,Evans,Antonia,70425 S Tyler St,P.O. Box 184,Flower Mound,DC,49690,83347,12/16/2013,6/18/2013
Casey,Hicks,Cody,75725 N Parmele St,Apt 99,Oakwood,SD,17362,90019,8/12/2013,4/27/2013
Shellie,Harden,Martin,513 E Frontage Rd,Apt 82,Plainview,TN,21601,68658,7/4/2013,9/25/2013
Lena,Whaley,Archie,663 Water St,Apt No. 128,Falcon Mesa,ND,30550,64583,10/4/2012,4/27/2014
Gabriela,Price,Dalton,85575 State Hwy 150,Apt 747,Azle,ME,16927,76908,1/19/2014,1/22/2014
Ingrid,Hutchinson,Yong,47421 State Loop 246,Suite 26,Ross,SD,63201,65458,12/3/2012,8/29/2012
Laverne,Whitfield,Jeanna,83870 S Hwy 35,P.O. Box 21,Solis,NC,52352,68556,3/9/2013,3/1/2014
Daryl,Taylor,Judson,2370 Dickinson Dr,Apt No. 654,Pettus,CO,98871,75605,6/11/2014,12/31/2012
Latisha,Villanueva,Gayle,8466 E Ledbetter Dr,P.O. Box 77,Abram-Perezville,IL,56832,36655,10/20/2013,6/30/2013
Rolland,Santiago,Glenn,49 Longview,Suite 77,Orange,NV,41734,81356,7/3/2012,8/6/2013
Rhoda,Hartman,Morgan,3488 FM 417,Apt 69,Hart,TX,73931,41901,9/18/2013,2/27/2014
Tasha,Davenport,Jamey,415 Gateway South Blvd,Apt 794,Brownsville,HI,40561,27898,2/4/2014,9/26/2012
Amanda,Riley,Reyna,71482 E Brown St,Suite 141,Palacios,PA,96985,86994,9/16/2012,5/25/2013
Len,Ortega,Tracy,4326 Nacogdoches St,Suite 70,Lorenzo,MT,53844,33426,4/13/2013,11/22/2013
Peter,Doyle,Dana,377 State Loop 346,Suite 97,Panorama Village,MT,54687,35598,5/1/2014,11/4/2012
Ines,Salinas,Jody,754 Austin Hwy,Apt 21,Westover Hills,NM,22417,35378,8/7/2012,3/15/2014
Micheal,Barnes,Elva,28802 S FM 117,Apt 24,Post Oak Bend,MD,14101,16235,12/24/2012,3/19/2013
Laura,Lindsay,Johnie,54141 State Hwy 71 W,Apt No. 29,Elm Creek,OK,67216,78948,8/9/2012,8/3/2012
Janelle,Barber,Drew,99 Shelby St,Apt 22,Combes,HI,62349,45214,2/19/2013,6/24/2013
Effie,Gillespie,Marta,430 N US Hwy 287,Apt 93,Mobeetie,WI,87668,42696,9/23/2013,4/28/2014
Letha,Byrd,Selma,89 Eldorado Pkwy,Apt 82,Scottsville,TN,80353,91692,4/12/2014,3/8/2014
Virginia,Hoover,Jenifer,29 FM 899,Suite 5545,Thompsons,AL,62956,91577,6/16/2013,9/12/2013
Nigel,Branch,Bess,602 Webster Ave,P.O. Box 9943,Gregory,NH,38260,58011,10/24/2013,7/6/2012
Brett,Silva,Sharon,74292 FM 1183,Apt No. 604,Mont Belvieu,WI,74592,31702,7/23/2013,10/1/2013
Gustavo,Walls,Randal,384 Cactus Ln,P.O. Box 480,Cove,NH,43292,96782,11/30/2013,10/18/2013
Eduardo,Franco,Lucile,454 N State Hwy 18,Apt No. 41,Mineola,TN,81553,51692,4/12/2014,6/14/2014
Bertha,Brewer,Lorraine,870 W Lancaster Ave,Suite 54,Bishop Hills,FL,79661,23193,6/17/2013,5/21/2013
Cornelius,Snyder,Priscilla,88764 S Broadway,Suite 15,Canton,TN,96502,65408,1/13/2014,6/9/2013
Valeria,Blue,Charity,672 Falfurrias Hwy,P.O. Box 2898,Fairview,LA,53060,79776,8/3/2013,12/21/2013
Wesley,Puckett,Dorothy,4390 6th St N,P.O. Box 192,Refugio,AK,21704,62568,12/23/2013,10/1/2013
Roxanne,Orr,Brittney,798 E State Loop 426,Apt No. 44,Liberty City,IN,60995,48812,2/6/2013,6/28/2013
Dominique,Pace,Leora,9382 W Borden St,P.O. Box 20,Tioga,OK,52355,35810,6/7/2014,5/21/2013
Moshe,Kidd,Rosetta,88212 23rd St,Suite 5016,Niederwald,CA,73301,70100,8/30/2012,12/26/2012
Betty,Guerrero,Carey,33247 I- 20K Bus,Suite 87,Lumberton,AK,72827,57696,6/30/2013,10/25/2013
Dan,Cohen,Reba,9963 E End Blvd S,Apt 23,Roscoe,OR,34578,37707,11/27/2012,8/17/2013
Brian,French,Sydney,5496 N Mesa St,Apt 6569,Milam,KY,71067,70109,3/8/2013,9/17/2012
Jeanie,Robertson,Ivy,931 State Spur 257,Suite 83,Indian Lake,MD,74075,42232,3/17/2013,11/17/2013
Stacy,Kaufman,Carroll,4909 S Garland Ave,Suite 789,Elbert,MO,37754,16143,11/21/2013,10/27/2013
Retha,Mayes,Graham,8265 N Central Expy,Apt 4645,Ames,OR,65142,80163,10/18/2013,1/3/2013
Caitlin,Terrell,Ines,21687 State Loop 517,P.O. Box 33,Los Ybanez,LA,46154,15409,2/4/2014,10/13/2012
Dionne,Huffman,German,8545 N Terry St,Suite 404,Grape Creek,NE,18545,75378,9/4/2013,2/17/2013
Scottie,Dean,Pedro,3420 State Loop 564,Apt 24,Tierra Grande,AZ,14929,17019,12/9/2012,12/4/2012
Renita,Mcfarland,Quentin,5992 E Alamo St,Suite 42,Wixon Valley,SD,49943,68311,9/26/2012,10/13/2012
Cesar,Eldridge,Hope,14703 Crabb River Rd,Suite 7688,Addison,NE,32934,27477,4/7/2013,5/3/2013
Tawana,Hill,Lindsay,1404 Loop 151,Apt No. 630,Indian Hills,WV,99207,19942,11/10/2012,1/21/2013
Holly,Belcher,Elvis,953 W Hw 84,Apt 9195,Nederland,ME,47882,90981,11/3/2013,4/13/2013
Kenny,Welch,Arthur,9787 S Commerce St,Apt 9775,Megargel,UT,45514,98790,8/8/2012,9/29/2012
Elmo,Faulkner,Caitlin,54368 E Noel St,Apt No. 5690,Brookshire,AL,26393,32514,2/13/2013,6/7/2013
Patsy,Matthews,Maxwell,43283 State Loop 403,Apt 5706,Box Canyon-Amistad,WI,84102,16061,4/6/2013,3/17/2013
Laurie,Sims,Francis,4745 State Loop 291,P.O. Box 905,Eagle Lake,VT,21158,35901,5/6/2013,11/13/2013
Destiny,Mcguire,Edwina,55754 FM 211,Apt No. 715,Round Rock,MN,33316,47585,12/13/2013,5/24/2014
Tera,Swanson,Zachary,4260 Old State Hwy 66,Apt No. 60,Clarksville,CT,77900,52010,8/12/2013,7/25/2013
Polly,Norman,Lorene,698 FM 269,P.O. Box 87,Lackland AFB,AK,23638,40436,6/8/2014,6/21/2012
Vickie,Hardin,Katharine,99424 Cam Real,P.O. Box 94,Ferris,RI,82461,50551,12/25/2012,12/22/2012
Renita,Macdonald,Joan,3922 State Loop 25,Suite 51,Navarro,NJ,88589,94852,8/5/2013,7/15/2012
Lupe,Shafer,Rosanne,201 State Hwy 6 S,Apt 2370,Oak Valley,IL,81527,23273,11/28/2012,12/24/2012
Lisa,Tran,Ivan,42956 Magnolia Ave,Apt No. 91,Shamrock,NJ,49417,40161,5/4/2013,10/14/2012
Winona,Rosa,Robt,76 NW Parkway St,Apt 6390,Jefferson,NM,51873,78528,10/31/2012,5/8/2013
Madelyn,Holmes,Emery,75041 N Link St,P.O. Box 388,Asherton,NC,57089,19301,6/10/2014,6/30/2013
Leonard,Manley,Lorna,72 W Military Dr,P.O. Box 5241,Weinert,CA,93432,89974,2/26/2013,2/3/2013
Clayton,Tillman,Darcy,809 N Mesquite Ave,Apt No. 382,Sachse,MN,90441,64404,12/3/2012,2/17/2013
Mellissa,Haley,Maudie,79311 W Bermuda St,Suite 92,Jacksboro,VA,57853,46653,7/22/2012,4/18/2013
Bradly,Richardson,Eddie,869 Lee St,P.O. Box 365,Fronton,DC,51411,48860,5/4/2013,5/1/2013
Sheila,Estrada,Lyman,5237 S Pierce St,Apt No. 37,Ranchette Estates,RI,71281,80134,11/24/2012,4/30/2014
Cassie,Gardner,Danielle,87686 State Loop 526,Apt No. 942,Briaroaks,TN,43486,78580,8/16/2013,6/21/2014
Noel,Booth,Jamaal,99 W John W Carpenter F,Apt No. 9872,Copper Canyon,VT,83648,25836,9/25/2013,12/4/2012
Tristan,Corbett,Oswaldo,70794 S Hwy 183,Apt 4961,Mansfield,CT,78680,24205,12/5/2013,9/7/2012
Janell,Wiggins,Monique,64469 S Oak Ave,Apt 928,Van,MO,66093,85421,11/17/2012,11/16/2013
Millard,Jacobson,Jannie,2503 Ayers St,P.O. Box 101,Woodbranch,MD,69560,35024,12/17/2012,2/26/2014
Damien,Decker,Helga,4313 Posey Ln,Apt 40,Roanoke,ND,28043,67488,5/25/2014,8/19/2013
Dallas,Hurley,Sherrie,82 E 6th St,P.O. Box 43,Huxley,PA,18135,14882,6/8/2014,11/5/2012
Winston,Gordon,Pilar,70777 E Cedar St,Suite 6902,Samnorwood,MA,25320,60708,5/5/2013,12/30/2012
Damion,Navarro,Micheal,47 N Bus US Hwy 281,P.O. Box 2006,Pinewood Estates,LA,94187,20190,7/19/2012,10/26/2013
Lyn,Henry,Johnathan,104 S 10th St,Suite 7150,Argyle,MN,91481,86620,7/8/2012,8/2/2013
Cruz,Huber,Stefan,9592 FM 1477,P.O. Box 16,Mila Doce,IN,21852,47859,4/13/2014,12/17/2012
Gabriel,Solis,Homer,3280 E 6th St,Suite 9581,Chillicothe,FL,94456,58538,2/7/2013,8/24/2012
Isabella,Kirby,Fabian,62864 FM 291,Apt No. 59,Krugerville,LA,12973,71148,9/18/2013,11/28/2013
Stewart,Bridges,Ariel,59 E Bluff St,Suite 38,Mullin,TN,48876,13307,11/10/2012,3/25/2014
Art,Fields,Ambrose,87139 Dustin,Apt 7847,Palm Valley,CO,95763,32711,3/11/2013,6/14/2014
Terrance,Rollins,Dianne,59308 W Industrial Ave,Suite 6017,Chillicothe,MA,46582,70911,5/17/2013,3/11/2014
Kim,Maloney,Brendon,19 E Coma,P.O. Box 91,Anderson,AL,12590,25976,7/11/2013,7/8/2013
Elinor,Waters,Ali,5774 East Plz,Suite 680,Olmos Park,NM,95744,15287,3/13/2014,12/8/2012
Leigh,Heard,Geoffrey,20250 E 6th Ave,Apt 7080,Sullivan City,NV,21655,46952,1/20/2013,8/1/2013
Tamra,Patton,Amie,518 W North Second St,Apt No. 3052,Brushy Creek,CO,39656,79320,2/5/2014,10/4/2012
Malissa,Chandler,Willy,89 N Business 289,Suite 91,Earth,AL,86663,51675,5/3/2013,1/27/2013
Dorothea,Lester,Kelli,68576 O Reilly St,Apt 1769,Hillcrest,NC,77117,99456,6/4/2013,4/25/2014
Nona,Munoz,Cesar,630 Merle,P.O. Box 49,Northlake,OK,17098,54969,9/16/2013,5/29/2013
Owen,Frost,Owen,1885 Locust St,Apt No. 84,Sheldon,WA,79860,73116,1/8/2013,6/2/2013
Wilhelmina,Ibarra,Henrietta,86 S State Hwy 205,Apt 7238,Joshua,KY,74218,82902,11/20/2012,8/10/2012
Sammy,Banks,Jules,56 Rogers Rd,P.O. Box 680,Carrizo Hill,MA,25980,23670,11/2/2013,12/31/2012
Ariel,Butts,Lela,81495 E Brillhart Ave,P.O. Box 30,Strawn,NM,36584,17523,4/20/2013,6/2/2014
Emery,Abbott,Bernice,84 Ranch Rd 143,Apt 841,White Deer,SD,70630,73336,6/15/2014,6/12/2013
Sandi,Schmidt,Lesley,3551 State Hwy 123 Byp,Suite 83,Bartlett,LA,44976,29411,2/3/2014,6/9/2013
Otis,Murray,Ali,5549 E Rio Grande St,Apt No. 5972,Olivarez,CO,94247,43353,3/28/2014,12/11/2013
Pilar,Maxwell,Adolph,35460 Texas Blvd,Apt 427,La Puerta,NV,25514,86402,11/5/2012,12/5/2013
Daniela,Eldridge,Jeremy,32116 N Broadway,P.O. Box 9078,Lakeway,GA,71516,69216,8/18/2012,5/23/2014
Reid,Erickson,Justina,795 I- 35A Bus,Apt 59,Elbert,VT,44728,37498,3/9/2014,10/22/2013
Denis,Archer,Garth,825 I-40 Bus,Suite 76,Millican,KS,17661,60559,5/2/2014,10/19/2012
Cherie,Strong,Marybeth,982 Salt Grass Trl,Apt 4766,Arp,DC,74819,95071,5/3/2013,10/12/2012
Melva,Ortega,Benita,67 Hwy 35 N,Suite 88,Marlin,MI,55544,47821,11/19/2013,8/21/2012
Teresita,Jefferson,Lourdes,4218 N Buckner Blvd W,Apt 6208,Silsbee,WI,18581,50504,9/2/2013,12/4/2013
Edwin,Mcguire,Margarita,752 N Highway 385 State ,Suite 706,West Livingston,LA,24658,57973,7/2/2012,8/5/2013
Gina,Sloan,Heather,5486 N Badger Dr,Apt 3101,Littlefield,RI,61955,34026,7/26/2013,1/24/2013
Coy,Holcomb,Clarence,402 W Texas Ave,P.O. Box 10,Magnolia,VA,54087,67055,8/15/2012,5/8/2013
Raphael,Potter,Nannie,6779 FM Rd 1581,Suite 3326,Spearman,KY,15687,81171,9/12/2013,5/8/2014
Pamela,Haynes,Brooks,386 Hurley Ave,P.O. Box 3738,Nordheim,ND,91967,33773,4/28/2014,1/19/2014
Bill,Vaughn,Willis,7194 State Loop 322,Apt 394,Earth,NM,53370,88685,2/22/2013,5/18/2013
Maribel,Curry,Lamar,63780 Spr 115,Suite 932,Abram-Perezville,LA,32714,95503,1/12/2013,3/13/2013
